{"RuleTriggered": 0, "Violations": 0, "Details": {"Network": {"algo-1": {"max": 59125206.38, "p99": 140.17, "p95": 0, "p50": 0, "min": 0}}, "GPU": {"algo-1": {"max": 100.0, "p99": 100.0, "p95": 80.0, "p50": 0, "min": 0}}, "CPU": {"algo-1": {"max": 99.53, "p99": 97.97, "p95": 92.81, "p50": 69.92, "min": 29.97}}, "CPU memory": {"algo-1": {"max": 32.14, "p99": 29.46, "p95": 25.63, "p50": 22.43, "min": 7.01}}, "GPU memory": {"algo-1": {"max": 99.0, "p99": 93.36, "p95": 71.4, "p50": 0, "min": 0}}, "I/O": {"algo-1": {"max": 63.12, "p99": 47.86, "p95": 32.75, "p50": 0.49, "min": 0}}}, "Datapoints": 964, "RuleParameters": ""}